strain	accession	lineage	date	country	location	host	host_cat	authors	title	paper_url
G22217	SRR5216985	A	2009-XX-XX	new_zealand	westcoast	bovine	domestic	Crispell et al	Using whole genome sequencing to investigate transmission in a multi-host system: bovine tuberculosis in New Zealand	https://bmcgenomics.biomedcentral.com/articles/10.1186/s12864-017-3569-x
G22218	SRR5216984	A	1983-XX-XX	new_zealand	westcoast	possum	wildlife	Crispell et al	Using whole genome sequencing to investigate transmission in a multi-host system: bovine tuberculosis in New Zealand	https://bmcgenomics.biomedcentral.com/articles/10.1186/s12864-017-3569-x
G22219	SRR5216983	A	2003-XX-XX	new_zealand	taihape	cervine	wildlife	Crispell et al	Using whole genome sequencing to investigate transmission in a multi-host system: bovine tuberculosis in New Zealand	https://bmcgenomics.biomedcentral.com/articles/10.1186/s12864-017-3569-x
G22220	SRR5216982	A	2013-XX-XX	new_zealand	northland	bovine	domestic	Crispell et al	Using whole genome sequencing to investigate transmission in a multi-host system: bovine tuberculosis in New Zealand	https://bmcgenomics.biomedcentral.com/articles/10.1186/s12864-017-3569-x
G22221	SRR5216981	A	1997-XX-XX	new_zealand	manawatu	possum	wildlife	Crispell et al	Using whole genome sequencing to investigate transmission in a multi-host system: bovine tuberculosis in New Zealand	https://bmcgenomics.biomedcentral.com/articles/10.1186/s12864-017-3569-x
G22222	SRR5216980	A	1997-XX-XX	new_zealand	kingcountry	possum	wildlife	Crispell et al	Using whole genome sequencing to investigate transmission in a multi-host system: bovine tuberculosis in New Zealand	https://bmcgenomics.biomedcentral.com/articles/10.1186/s12864-017-3569-x
G22223	SRR5216979	A	1985-XX-XX	new_zealand	mackenziecountry	possum	wildlife	Crispell et al	Using whole genome sequencing to investigate transmission in a multi-host system: bovine tuberculosis in New Zealand	https://bmcgenomics.biomedcentral.com/articles/10.1186/s12864-017-3569-x
G22224	SRR5216978	A	2001-XX-XX	new_zealand	otago	ferret	wildlife	Crispell et al	Using whole genome sequencing to investigate transmission in a multi-host system: bovine tuberculosis in New Zealand	https://bmcgenomics.biomedcentral.com/articles/10.1186/s12864-017-3569-x
G22225	SRR5216977	A	2009-XX-XX	new_zealand	westcoast	bovine	domestic	Crispell et al	Using whole genome sequencing to investigate transmission in a multi-host system: bovine tuberculosis in New Zealand	https://bmcgenomics.biomedcentral.com/articles/10.1186/s12864-017-3569-x
G22226	SRR5216976	A	1984-XX-XX	new_zealand	kingcountry	bovine	domestic	Crispell et al	Using whole genome sequencing to investigate transmission in a multi-host system: bovine tuberculosis in New Zealand	https://bmcgenomics.biomedcentral.com/articles/10.1186/s12864-017-3569-x
G22227	SRR5216975	A	2005-XX-XX	new_zealand	blenheim	bovine	domestic	Crispell et al	Using whole genome sequencing to investigate transmission in a multi-host system: bovine tuberculosis in New Zealand	https://bmcgenomics.biomedcentral.com/articles/10.1186/s12864-017-3569-x
G22228	SRR5216974	A	1984-XX-XX	new_zealand	westcoast	possum	wildlife	Crispell et al	Using whole genome sequencing to investigate transmission in a multi-host system: bovine tuberculosis in New Zealand	https://bmcgenomics.biomedcentral.com/articles/10.1186/s12864-017-3569-x
G22229	SRR5216973	A	1983-XX-XX	new_zealand	westcoast	possum	wildlife	Crispell et al	Using whole genome sequencing to investigate transmission in a multi-host system: bovine tuberculosis in New Zealand	https://bmcgenomics.biomedcentral.com/articles/10.1186/s12864-017-3569-x
G22230	SRR5216972	A	1985-XX-XX	new_zealand	westcoast	possum	wildlife	Crispell et al	Using whole genome sequencing to investigate transmission in a multi-host system: bovine tuberculosis in New Zealand	https://bmcgenomics.biomedcentral.com/articles/10.1186/s12864-017-3569-x
G22231	SRR5216971	A	2005-XX-XX	new_zealand	canterbury	ferret	wildlife	Crispell et al	Using whole genome sequencing to investigate transmission in a multi-host system: bovine tuberculosis in New Zealand	https://bmcgenomics.biomedcentral.com/articles/10.1186/s12864-017-3569-x
G22232	SRR5216970	A	2002-XX-XX	new_zealand	otago	bovine	domestic	Crispell et al	Using whole genome sequencing to investigate transmission in a multi-host system: bovine tuberculosis in New Zealand	https://bmcgenomics.biomedcentral.com/articles/10.1186/s12864-017-3569-x
G22233	SRR5216969	A	2013-XX-XX	new_zealand	taranaki	bovine	domestic	Crispell et al	Using whole genome sequencing to investigate transmission in a multi-host system: bovine tuberculosis in New Zealand	https://bmcgenomics.biomedcentral.com/articles/10.1186/s12864-017-3569-x
G22234	SRR5216968	A	2010-XX-XX	new_zealand	westcoast	bovine	domestic	Crispell et al	Using whole genome sequencing to investigate transmission in a multi-host system: bovine tuberculosis in New Zealand	https://bmcgenomics.biomedcentral.com/articles/10.1186/s12864-017-3569-x
G22235	SRR5216967	A	1993-XX-XX	new_zealand	southland	bovine	domestic	Crispell et al	Using whole genome sequencing to investigate transmission in a multi-host system: bovine tuberculosis in New Zealand	https://bmcgenomics.biomedcentral.com/articles/10.1186/s12864-017-3569-x
G22236	SRR5216966	A	1998-XX-XX	new_zealand	wanganui	bovine	domestic	Crispell et al	Using whole genome sequencing to investigate transmission in a multi-host system: bovine tuberculosis in New Zealand	https://bmcgenomics.biomedcentral.com/articles/10.1186/s12864-017-3569-x
G22237	SRR5216965	A	1994-XX-XX	new_zealand	taupo	cervine	wildlife	Crispell et al	Using whole genome sequencing to investigate transmission in a multi-host system: bovine tuberculosis in New Zealand	https://bmcgenomics.biomedcentral.com/articles/10.1186/s12864-017-3569-x
G22238	SRR5216964	A	1984-XX-XX	new_zealand	westcoast	possum	wildlife	Crispell et al	Using whole genome sequencing to investigate transmission in a multi-host system: bovine tuberculosis in New Zealand	https://bmcgenomics.biomedcentral.com/articles/10.1186/s12864-017-3569-x
G22239	SRR5216963	A	2006-XX-XX	new_zealand	westcoast	bovine	domestic	Crispell et al	Using whole genome sequencing to investigate transmission in a multi-host system: bovine tuberculosis in New Zealand	https://bmcgenomics.biomedcentral.com/articles/10.1186/s12864-017-3569-x
G22240	SRR5216962	A	2000-XX-XX	new_zealand	blenheim	bovine	domestic	Crispell et al	Using whole genome sequencing to investigate transmission in a multi-host system: bovine tuberculosis in New Zealand	https://bmcgenomics.biomedcentral.com/articles/10.1186/s12864-017-3569-x
G22241	SRR5216961	A	1995-XX-XX	new_zealand	southland	bovine	domestic	Crispell et al	Using whole genome sequencing to investigate transmission in a multi-host system: bovine tuberculosis in New Zealand	https://bmcgenomics.biomedcentral.com/articles/10.1186/s12864-017-3569-x
G22242	SRR5216960	A	1982-XX-XX	new_zealand	westcoast	possum	wildlife	Crispell et al	Using whole genome sequencing to investigate transmission in a multi-host system: bovine tuberculosis in New Zealand	https://bmcgenomics.biomedcentral.com/articles/10.1186/s12864-017-3569-x
G22243	SRR5216959	A	2003-XX-XX	new_zealand	hawkesbay	ferret	wildlife	Crispell et al	Using whole genome sequencing to investigate transmission in a multi-host system: bovine tuberculosis in New Zealand	https://bmcgenomics.biomedcentral.com/articles/10.1186/s12864-017-3569-x
G22244	SRR5216958	A	1993-XX-XX	new_zealand	centralotago	ferret	wildlife	Crispell et al	Using whole genome sequencing to investigate transmission in a multi-host system: bovine tuberculosis in New Zealand	https://bmcgenomics.biomedcentral.com/articles/10.1186/s12864-017-3569-x
G22245	SRR5216957	A	2006-XX-XX	new_zealand	northcant	ferret	wildlife	Crispell et al	Using whole genome sequencing to investigate transmission in a multi-host system: bovine tuberculosis in New Zealand	https://bmcgenomics.biomedcentral.com/articles/10.1186/s12864-017-3569-x
G22246	SRR5216956	A	1995-XX-XX	new_zealand	eastcoast	bovine	domestic	Crispell et al	Using whole genome sequencing to investigate transmission in a multi-host system: bovine tuberculosis in New Zealand	https://bmcgenomics.biomedcentral.com/articles/10.1186/s12864-017-3569-x
G22247	SRR5216955	A	2003-XX-XX	new_zealand	westcoast	bovine	domestic	Crispell et al	Using whole genome sequencing to investigate transmission in a multi-host system: bovine tuberculosis in New Zealand	https://bmcgenomics.biomedcentral.com/articles/10.1186/s12864-017-3569-x
G22248	SRR5216954	A	1992-XX-XX	new_zealand	southcanterbury	ferret	wildlife	Crispell et al	Using whole genome sequencing to investigate transmission in a multi-host system: bovine tuberculosis in New Zealand	https://bmcgenomics.biomedcentral.com/articles/10.1186/s12864-017-3569-x
G22249	SRR5216953	A	1989-XX-XX	new_zealand	westcoast	bovine	domestic	Crispell et al	Using whole genome sequencing to investigate transmission in a multi-host system: bovine tuberculosis in New Zealand	https://bmcgenomics.biomedcentral.com/articles/10.1186/s12864-017-3569-x
G22250	SRR5216952	A	1984-XX-XX	new_zealand	kingcountry	bovine	domestic	Crispell et al	Using whole genome sequencing to investigate transmission in a multi-host system: bovine tuberculosis in New Zealand	https://bmcgenomics.biomedcentral.com/articles/10.1186/s12864-017-3569-x
G22251	SRR5216951	A	1984-XX-XX	new_zealand	westcoast	possum	wildlife	Crispell et al	Using whole genome sequencing to investigate transmission in a multi-host system: bovine tuberculosis in New Zealand	https://bmcgenomics.biomedcentral.com/articles/10.1186/s12864-017-3569-x
G22252	SRR5216950	A	2008-XX-XX	new_zealand	kaikoura	bovine	domestic	Crispell et al	Using whole genome sequencing to investigate transmission in a multi-host system: bovine tuberculosis in New Zealand	https://bmcgenomics.biomedcentral.com/articles/10.1186/s12864-017-3569-x
G22253	SRR5216949	A	2003-XX-XX	new_zealand	southland	bovine	domestic	Crispell et al	Using whole genome sequencing to investigate transmission in a multi-host system: bovine tuberculosis in New Zealand	https://bmcgenomics.biomedcentral.com/articles/10.1186/s12864-017-3569-x
G22254	SRR5216948	A	2013-XX-XX	new_zealand	taranaki	bovine	domestic	Crispell et al	Using whole genome sequencing to investigate transmission in a multi-host system: bovine tuberculosis in New Zealand	https://bmcgenomics.biomedcentral.com/articles/10.1186/s12864-017-3569-x
G22255	SRR5216947	A	2000-XX-XX	new_zealand	southland	bovine	domestic	Crispell et al	Using whole genome sequencing to investigate transmission in a multi-host system: bovine tuberculosis in New Zealand	https://bmcgenomics.biomedcentral.com/articles/10.1186/s12864-017-3569-x
G22256	SRR5216946	A	2006-XX-XX	new_zealand	canterbury	porcine	domestic	Crispell et al	Using whole genome sequencing to investigate transmission in a multi-host system: bovine tuberculosis in New Zealand	https://bmcgenomics.biomedcentral.com/articles/10.1186/s12864-017-3569-x
G22257	SRR5216945	A	1992-XX-XX	new_zealand	westcoast	possum	wildlife	Crispell et al	Using whole genome sequencing to investigate transmission in a multi-host system: bovine tuberculosis in New Zealand	https://bmcgenomics.biomedcentral.com/articles/10.1186/s12864-017-3569-x
G22258	SRR5216944	A	1995-XX-XX	new_zealand	northcant	bovine	domestic	Crispell et al	Using whole genome sequencing to investigate transmission in a multi-host system: bovine tuberculosis in New Zealand	https://bmcgenomics.biomedcentral.com/articles/10.1186/s12864-017-3569-x
G22259	SRR5216943	A	2001-XX-XX	new_zealand	hawkesbay	bovine	domestic	Crispell et al	Using whole genome sequencing to investigate transmission in a multi-host system: bovine tuberculosis in New Zealand	https://bmcgenomics.biomedcentral.com/articles/10.1186/s12864-017-3569-x
G22260	SRR5216942	A	2005-XX-XX	new_zealand	westcoast	bovine	domestic	Crispell et al	Using whole genome sequencing to investigate transmission in a multi-host system: bovine tuberculosis in New Zealand	https://bmcgenomics.biomedcentral.com/articles/10.1186/s12864-017-3569-x
G22261	SRR5216941	A	1999-XX-XX	new_zealand	kingcountry	bovine	domestic	Crispell et al	Using whole genome sequencing to investigate transmission in a multi-host system: bovine tuberculosis in New Zealand	https://bmcgenomics.biomedcentral.com/articles/10.1186/s12864-017-3569-x
G22262	SRR5216940	A	2002-XX-XX	new_zealand	hawkesbay	bovine	domestic	Crispell et al	Using whole genome sequencing to investigate transmission in a multi-host system: bovine tuberculosis in New Zealand	https://bmcgenomics.biomedcentral.com/articles/10.1186/s12864-017-3569-x
G22263	SRR5216939	A	2005-XX-XX	new_zealand	northcant	bovine	domestic	Crispell et al	Using whole genome sequencing to investigate transmission in a multi-host system: bovine tuberculosis in New Zealand	https://bmcgenomics.biomedcentral.com/articles/10.1186/s12864-017-3569-x
G22264	SRR5216938	A	2005-XX-XX	new_zealand	kaikoura	bovine	domestic	Crispell et al	Using whole genome sequencing to investigate transmission in a multi-host system: bovine tuberculosis in New Zealand	https://bmcgenomics.biomedcentral.com/articles/10.1186/s12864-017-3569-x
G22265	SRR5216937	A	1987-XX-XX	new_zealand	mackenziecountry	bovine	domestic	Crispell et al	Using whole genome sequencing to investigate transmission in a multi-host system: bovine tuberculosis in New Zealand	https://bmcgenomics.biomedcentral.com/articles/10.1186/s12864-017-3569-x
G22266	SRR5216936	A	1997-XX-XX	new_zealand	southland	bovine	domestic	Crispell et al	Using whole genome sequencing to investigate transmission in a multi-host system: bovine tuberculosis in New Zealand	https://bmcgenomics.biomedcentral.com/articles/10.1186/s12864-017-3569-x
G22267	SRR5216935	A	2013-XX-XX	new_zealand	taranaki	bovine	domestic	Crispell et al	Using whole genome sequencing to investigate transmission in a multi-host system: bovine tuberculosis in New Zealand	https://bmcgenomics.biomedcentral.com/articles/10.1186/s12864-017-3569-x
G22268	SRR5216934	A	2002-XX-XX	new_zealand	southland	bovine	domestic	Crispell et al	Using whole genome sequencing to investigate transmission in a multi-host system: bovine tuberculosis in New Zealand	https://bmcgenomics.biomedcentral.com/articles/10.1186/s12864-017-3569-x
G22269	SRR5216933	A	2007-XX-XX	new_zealand	kaikoura	bovine	domestic	Crispell et al	Using whole genome sequencing to investigate transmission in a multi-host system: bovine tuberculosis in New Zealand	https://bmcgenomics.biomedcentral.com/articles/10.1186/s12864-017-3569-x
G22270	SRR5216932	A	2004-XX-XX	new_zealand	westcoast	bovine	domestic	Crispell et al	Using whole genome sequencing to investigate transmission in a multi-host system: bovine tuberculosis in New Zealand	https://bmcgenomics.biomedcentral.com/articles/10.1186/s12864-017-3569-x
G22271	SRR5216931	A	2008-XX-XX	new_zealand	westcoast	bovine	domestic	Crispell et al	Using whole genome sequencing to investigate transmission in a multi-host system: bovine tuberculosis in New Zealand	https://bmcgenomics.biomedcentral.com/articles/10.1186/s12864-017-3569-x
G22272	SRR5216930	A	2004-XX-XX	new_zealand	westcoast	bovine	domestic	Crispell et al	Using whole genome sequencing to investigate transmission in a multi-host system: bovine tuberculosis in New Zealand	https://bmcgenomics.biomedcentral.com/articles/10.1186/s12864-017-3569-x
G22273	SRR5216929	A	2004-XX-XX	new_zealand	southland	bovine	domestic	Crispell et al	Using whole genome sequencing to investigate transmission in a multi-host system: bovine tuberculosis in New Zealand	https://bmcgenomics.biomedcentral.com/articles/10.1186/s12864-017-3569-x
G22274	SRR5216928	A	1997-XX-XX	new_zealand	otago	bovine	domestic	Crispell et al	Using whole genome sequencing to investigate transmission in a multi-host system: bovine tuberculosis in New Zealand	https://bmcgenomics.biomedcentral.com/articles/10.1186/s12864-017-3569-x
G22275	SRR5216927	A	2001-XX-XX	new_zealand	blenheim	possum	wildlife	Crispell et al	Using whole genome sequencing to investigate transmission in a multi-host system: bovine tuberculosis in New Zealand	https://bmcgenomics.biomedcentral.com/articles/10.1186/s12864-017-3569-x
G22276	SRR5216926	A	1996-XX-XX	new_zealand	eastcoast	bovine	domestic	Crispell et al	Using whole genome sequencing to investigate transmission in a multi-host system: bovine tuberculosis in New Zealand	https://bmcgenomics.biomedcentral.com/articles/10.1186/s12864-017-3569-x
G22277	SRR5216925	A	2006-XX-XX	new_zealand	kaikoura	bovine	domestic	Crispell et al	Using whole genome sequencing to investigate transmission in a multi-host system: bovine tuberculosis in New Zealand	https://bmcgenomics.biomedcentral.com/articles/10.1186/s12864-017-3569-x
G22278	SRR5216924	A	2011-XX-XX	new_zealand	westcoast	bovine	domestic	Crispell et al	Using whole genome sequencing to investigate transmission in a multi-host system: bovine tuberculosis in New Zealand	https://bmcgenomics.biomedcentral.com/articles/10.1186/s12864-017-3569-x
G22279	SRR5216923	A	2005-XX-XX	new_zealand	manawatu	bovine	domestic	Crispell et al	Using whole genome sequencing to investigate transmission in a multi-host system: bovine tuberculosis in New Zealand	https://bmcgenomics.biomedcentral.com/articles/10.1186/s12864-017-3569-x
G22280	SRR5216922	A	2006-XX-XX	new_zealand	westcoast	possum	wildlife	Crispell et al	Using whole genome sequencing to investigate transmission in a multi-host system: bovine tuberculosis in New Zealand	https://bmcgenomics.biomedcentral.com/articles/10.1186/s12864-017-3569-x
G22281	SRR5216921	A	1998-XX-XX	new_zealand	canterbury	bovine	domestic	Crispell et al	Using whole genome sequencing to investigate transmission in a multi-host system: bovine tuberculosis in New Zealand	https://bmcgenomics.biomedcentral.com/articles/10.1186/s12864-017-3569-x
G22282	SRR5216919	A	2007-XX-XX	new_zealand	westcoast	possum	wildlife	Crispell et al	Using whole genome sequencing to investigate transmission in a multi-host system: bovine tuberculosis in New Zealand	https://bmcgenomics.biomedcentral.com/articles/10.1186/s12864-017-3569-x
G22283	SRR5216920	A	1992-XX-XX	new_zealand	mackenziecountry	ferret	wildlife	Crispell et al	Using whole genome sequencing to investigate transmission in a multi-host system: bovine tuberculosis in New Zealand	https://bmcgenomics.biomedcentral.com/articles/10.1186/s12864-017-3569-x
G22284	SRR5216918	A	2007-XX-XX	new_zealand	westcoast	bovine	domestic	Crispell et al	Using whole genome sequencing to investigate transmission in a multi-host system: bovine tuberculosis in New Zealand	https://bmcgenomics.biomedcentral.com/articles/10.1186/s12864-017-3569-x
G22285	SRR5216917	A	1999-XX-XX	new_zealand	westcoast	possum	wildlife	Crispell et al	Using whole genome sequencing to investigate transmission in a multi-host system: bovine tuberculosis in New Zealand	https://bmcgenomics.biomedcentral.com/articles/10.1186/s12864-017-3569-x
G22286	SRR5216916	A	1995-XX-XX	new_zealand	manawatu	bovine	domestic	Crispell et al	Using whole genome sequencing to investigate transmission in a multi-host system: bovine tuberculosis in New Zealand	https://bmcgenomics.biomedcentral.com/articles/10.1186/s12864-017-3569-x
G22287	SRR5216915	A	2009-XX-XX	new_zealand	taranaki	bovine	domestic	Crispell et al	Using whole genome sequencing to investigate transmission in a multi-host system: bovine tuberculosis in New Zealand	https://bmcgenomics.biomedcentral.com/articles/10.1186/s12864-017-3569-x
G22288	SRR5216914	A	1994-XX-XX	new_zealand	southland	bovine	domestic	Crispell et al	Using whole genome sequencing to investigate transmission in a multi-host system: bovine tuberculosis in New Zealand	https://bmcgenomics.biomedcentral.com/articles/10.1186/s12864-017-3569-x
G22289	SRR5216913	A	2005-XX-XX	new_zealand	taihape	bovine	domestic	Crispell et al	Using whole genome sequencing to investigate transmission in a multi-host system: bovine tuberculosis in New Zealand	https://bmcgenomics.biomedcentral.com/articles/10.1186/s12864-017-3569-x
G22290	SRR5216912	A	2011-XX-XX	new_zealand	taupo	possum	wildlife	Crispell et al	Using whole genome sequencing to investigate transmission in a multi-host system: bovine tuberculosis in New Zealand	https://bmcgenomics.biomedcentral.com/articles/10.1186/s12864-017-3569-x
G22291	SRR5216911	A	1998-XX-XX	new_zealand	manawatu	bovine	domestic	Crispell et al	Using whole genome sequencing to investigate transmission in a multi-host system: bovine tuberculosis in New Zealand	https://bmcgenomics.biomedcentral.com/articles/10.1186/s12864-017-3569-x
G22292	SRR5216910	A	1988-XX-XX	new_zealand	mackenziecountry	possum	wildlife	Crispell et al	Using whole genome sequencing to investigate transmission in a multi-host system: bovine tuberculosis in New Zealand	https://bmcgenomics.biomedcentral.com/articles/10.1186/s12864-017-3569-x
G22293	SRR5216909	A	1997-XX-XX	new_zealand	manawatu	ferret	wildlife	Crispell et al	Using whole genome sequencing to investigate transmission in a multi-host system: bovine tuberculosis in New Zealand	https://bmcgenomics.biomedcentral.com/articles/10.1186/s12864-017-3569-x
G22294	SRR5216908	A	2006-XX-XX	new_zealand	taihape	ferret	wildlife	Crispell et al	Using whole genome sequencing to investigate transmission in a multi-host system: bovine tuberculosis in New Zealand	https://bmcgenomics.biomedcentral.com/articles/10.1186/s12864-017-3569-x
G22295	SRR5216907	A	1988-XX-XX	new_zealand	mackenziecountry	bovine	domestic	Crispell et al	Using whole genome sequencing to investigate transmission in a multi-host system: bovine tuberculosis in New Zealand	https://bmcgenomics.biomedcentral.com/articles/10.1186/s12864-017-3569-x
G22296	SRR5216906	A	1992-XX-XX	new_zealand	otago	ferret	wildlife	Crispell et al	Using whole genome sequencing to investigate transmission in a multi-host system: bovine tuberculosis in New Zealand	https://bmcgenomics.biomedcentral.com/articles/10.1186/s12864-017-3569-x
G22297	SRR5216905	A	2008-XX-XX	new_zealand	westcoast	bovine	domestic	Crispell et al	Using whole genome sequencing to investigate transmission in a multi-host system: bovine tuberculosis in New Zealand	https://bmcgenomics.biomedcentral.com/articles/10.1186/s12864-017-3569-x
G22298	SRR5216904	A	2002-XX-XX	new_zealand	blenheim	ferret	wildlife	Crispell et al	Using whole genome sequencing to investigate transmission in a multi-host system: bovine tuberculosis in New Zealand	https://bmcgenomics.biomedcentral.com/articles/10.1186/s12864-017-3569-x
G22299	SRR5216903	A	1990-XX-XX	new_zealand	hawkesbay	bovine	domestic	Crispell et al	Using whole genome sequencing to investigate transmission in a multi-host system: bovine tuberculosis in New Zealand	https://bmcgenomics.biomedcentral.com/articles/10.1186/s12864-017-3569-x
G22300	SRR5216902	A	2007-XX-XX	new_zealand	westcoast	bovine	domestic	Crispell et al	Using whole genome sequencing to investigate transmission in a multi-host system: bovine tuberculosis in New Zealand	https://bmcgenomics.biomedcentral.com/articles/10.1186/s12864-017-3569-x
G22301	SRR5216901	A	2003-XX-XX	new_zealand	westcoast	bovine	domestic	Crispell et al	Using whole genome sequencing to investigate transmission in a multi-host system: bovine tuberculosis in New Zealand	https://bmcgenomics.biomedcentral.com/articles/10.1186/s12864-017-3569-x
G22302	SRR5216900	A	2001-XX-XX	new_zealand	westcoast	bovine	domestic	Crispell et al	Using whole genome sequencing to investigate transmission in a multi-host system: bovine tuberculosis in New Zealand	https://bmcgenomics.biomedcentral.com/articles/10.1186/s12864-017-3569-x
G22303	SRR5216899	A	2006-XX-XX	new_zealand	canterbury	ferret	wildlife	Crispell et al	Using whole genome sequencing to investigate transmission in a multi-host system: bovine tuberculosis in New Zealand	https://bmcgenomics.biomedcentral.com/articles/10.1186/s12864-017-3569-x
G22304	SRR5216898	A	2007-XX-XX	new_zealand	westcoast	possum	wildlife	Crispell et al	Using whole genome sequencing to investigate transmission in a multi-host system: bovine tuberculosis in New Zealand	https://bmcgenomics.biomedcentral.com/articles/10.1186/s12864-017-3569-x
G22305	SRR5216897	A	2010-XX-XX	new_zealand	westcoast	bovine	domestic	Crispell et al	Using whole genome sequencing to investigate transmission in a multi-host system: bovine tuberculosis in New Zealand	https://bmcgenomics.biomedcentral.com/articles/10.1186/s12864-017-3569-x
G22306	SRR5216896	A	2005-XX-XX	new_zealand	westcoast	bovine	domestic	Crispell et al	Using whole genome sequencing to investigate transmission in a multi-host system: bovine tuberculosis in New Zealand	https://bmcgenomics.biomedcentral.com/articles/10.1186/s12864-017-3569-x
G22307	SRR5216895	A	2012-XX-XX	new_zealand	westcoast	possum	wildlife	Crispell et al	Using whole genome sequencing to investigate transmission in a multi-host system: bovine tuberculosis in New Zealand	https://bmcgenomics.biomedcentral.com/articles/10.1186/s12864-017-3569-x
G22308	SRR5216894	A	2009-XX-XX	new_zealand	waikato	bovine	domestic	Crispell et al	Using whole genome sequencing to investigate transmission in a multi-host system: bovine tuberculosis in New Zealand	https://bmcgenomics.biomedcentral.com/articles/10.1186/s12864-017-3569-x
G22309	SRR5216893	A	2002-XX-XX	new_zealand	otago	bovine	domestic	Crispell et al	Using whole genome sequencing to investigate transmission in a multi-host system: bovine tuberculosis in New Zealand	https://bmcgenomics.biomedcentral.com/articles/10.1186/s12864-017-3569-x
G22310	SRR5216892	A	1983-XX-XX	new_zealand	kingcountry	possum	wildlife	Crispell et al	Using whole genome sequencing to investigate transmission in a multi-host system: bovine tuberculosis in New Zealand	https://bmcgenomics.biomedcentral.com/articles/10.1186/s12864-017-3569-x
G22311	SRR5216891	A	1992-XX-XX	new_zealand	otago	possum	wildlife	Crispell et al	Using whole genome sequencing to investigate transmission in a multi-host system: bovine tuberculosis in New Zealand	https://bmcgenomics.biomedcentral.com/articles/10.1186/s12864-017-3569-x
G22312	SRR5216890	A	2001-XX-XX	new_zealand	marlborough	possum	wildlife	Crispell et al	Using whole genome sequencing to investigate transmission in a multi-host system: bovine tuberculosis in New Zealand	https://bmcgenomics.biomedcentral.com/articles/10.1186/s12864-017-3569-x
G22313	SRR5216889	A	1992-XX-XX	new_zealand	taihape	bovine	domestic	Crispell et al	Using whole genome sequencing to investigate transmission in a multi-host system: bovine tuberculosis in New Zealand	https://bmcgenomics.biomedcentral.com/articles/10.1186/s12864-017-3569-x
G22314	SRR5216888	A	1985-XX-XX	new_zealand	westcoast	possum	wildlife	Crispell et al	Using whole genome sequencing to investigate transmission in a multi-host system: bovine tuberculosis in New Zealand	https://bmcgenomics.biomedcentral.com/articles/10.1186/s12864-017-3569-x
G22315	SRR5216887	A	2013-XX-XX	new_zealand	northland	bovine	domestic	Crispell et al	Using whole genome sequencing to investigate transmission in a multi-host system: bovine tuberculosis in New Zealand	https://bmcgenomics.biomedcentral.com/articles/10.1186/s12864-017-3569-x
G22316	SRR5216886	A	2006-XX-XX	new_zealand	canterbury	porcine	domestic	Crispell et al	Using whole genome sequencing to investigate transmission in a multi-host system: bovine tuberculosis in New Zealand	https://bmcgenomics.biomedcentral.com/articles/10.1186/s12864-017-3569-x
G22317	SRR5216885	A	1991-XX-XX	new_zealand	northcant	bovine	domestic	Crispell et al	Using whole genome sequencing to investigate transmission in a multi-host system: bovine tuberculosis in New Zealand	https://bmcgenomics.biomedcentral.com/articles/10.1186/s12864-017-3569-x
G22318	SRR5216884	A	1999-XX-XX	new_zealand	otago	bovine	domestic	Crispell et al	Using whole genome sequencing to investigate transmission in a multi-host system: bovine tuberculosis in New Zealand	https://bmcgenomics.biomedcentral.com/articles/10.1186/s12864-017-3569-x
G22319	SRR5216883	A	2001-XX-XX	new_zealand	southland	bovine	domestic	Crispell et al	Using whole genome sequencing to investigate transmission in a multi-host system: bovine tuberculosis in New Zealand	https://bmcgenomics.biomedcentral.com/articles/10.1186/s12864-017-3569-x
G22320	SRR5216882	A	1994-XX-XX	new_zealand	taupo	cervine	wildlife	Crispell et al	Using whole genome sequencing to investigate transmission in a multi-host system: bovine tuberculosis in New Zealand	https://bmcgenomics.biomedcentral.com/articles/10.1186/s12864-017-3569-x
G22321	SRR5216881	A	2001-XX-XX	new_zealand	taupo	bovine	domestic	Crispell et al	Using whole genome sequencing to investigate transmission in a multi-host system: bovine tuberculosis in New Zealand	https://bmcgenomics.biomedcentral.com/articles/10.1186/s12864-017-3569-x
G22322	SRR5216880	A	2002-XX-XX	new_zealand	taihape	bovine	domestic	Crispell et al	Using whole genome sequencing to investigate transmission in a multi-host system: bovine tuberculosis in New Zealand	https://bmcgenomics.biomedcentral.com/articles/10.1186/s12864-017-3569-x
G22323	SRR5216879	A	2005-XX-XX	new_zealand	westcoast	possum	wildlife	Crispell et al	Using whole genome sequencing to investigate transmission in a multi-host system: bovine tuberculosis in New Zealand	https://bmcgenomics.biomedcentral.com/articles/10.1186/s12864-017-3569-x
G22324	SRR5216878	A	2002-XX-XX	new_zealand	blenheim	ferret	wildlife	Crispell et al	Using whole genome sequencing to investigate transmission in a multi-host system: bovine tuberculosis in New Zealand	https://bmcgenomics.biomedcentral.com/articles/10.1186/s12864-017-3569-x
G22325	SRR5216877	A	2009-XX-XX	new_zealand	westcoast	possum	wildlife	Crispell et al	Using whole genome sequencing to investigate transmission in a multi-host system: bovine tuberculosis in New Zealand	https://bmcgenomics.biomedcentral.com/articles/10.1186/s12864-017-3569-x
G22326	SRR5216876	A	1992-XX-XX	new_zealand	wanganui	bovine	domestic	Crispell et al	Using whole genome sequencing to investigate transmission in a multi-host system: bovine tuberculosis in New Zealand	https://bmcgenomics.biomedcentral.com/articles/10.1186/s12864-017-3569-x
G22327	SRR5216875	A	1992-XX-XX	new_zealand	blenheim	porcine	domestic	Crispell et al	Using whole genome sequencing to investigate transmission in a multi-host system: bovine tuberculosis in New Zealand	https://bmcgenomics.biomedcentral.com/articles/10.1186/s12864-017-3569-x
G22328	SRR5216874	A	2008-XX-XX	new_zealand	westcoast	bovine	domestic	Crispell et al	Using whole genome sequencing to investigate transmission in a multi-host system: bovine tuberculosis in New Zealand	https://bmcgenomics.biomedcentral.com/articles/10.1186/s12864-017-3569-x
G22329	SRR5216873	A	1999-XX-XX	new_zealand	westcoast	possum	wildlife	Crispell et al	Using whole genome sequencing to investigate transmission in a multi-host system: bovine tuberculosis in New Zealand	https://bmcgenomics.biomedcentral.com/articles/10.1186/s12864-017-3569-x
G22330	SRR5216872	A	2010-XX-XX	new_zealand	westcoast	bovine	domestic	Crispell et al	Using whole genome sequencing to investigate transmission in a multi-host system: bovine tuberculosis in New Zealand	https://bmcgenomics.biomedcentral.com/articles/10.1186/s12864-017-3569-x
G22331	SRR5216871	A	1998-XX-XX	new_zealand	westcoast	possum	wildlife	Crispell et al	Using whole genome sequencing to investigate transmission in a multi-host system: bovine tuberculosis in New Zealand	https://bmcgenomics.biomedcentral.com/articles/10.1186/s12864-017-3569-x
G22332	SRR5216870	A	2001-XX-XX	new_zealand	westcoast	bovine	domestic	Crispell et al	Using whole genome sequencing to investigate transmission in a multi-host system: bovine tuberculosis in New Zealand	https://bmcgenomics.biomedcentral.com/articles/10.1186/s12864-017-3569-x
G22333	SRR5216869	A	2008-XX-XX	new_zealand	westcoast	bovine	domestic	Crispell et al	Using whole genome sequencing to investigate transmission in a multi-host system: bovine tuberculosis in New Zealand	https://bmcgenomics.biomedcentral.com/articles/10.1186/s12864-017-3569-x
G22334	SRR5216868	A	2008-XX-XX	new_zealand	westcoast	bovine	domestic	Crispell et al	Using whole genome sequencing to investigate transmission in a multi-host system: bovine tuberculosis in New Zealand	https://bmcgenomics.biomedcentral.com/articles/10.1186/s12864-017-3569-x
G22335	SRR5216867	A	1991-XX-XX	new_zealand	mackenziecountry	ferret	wildlife	Crispell et al	Using whole genome sequencing to investigate transmission in a multi-host system: bovine tuberculosis in New Zealand	https://bmcgenomics.biomedcentral.com/articles/10.1186/s12864-017-3569-x
G22336	SRR5216866	A	2013-XX-XX	new_zealand	westcoast	bovine	domestic	Crispell et al	Using whole genome sequencing to investigate transmission in a multi-host system: bovine tuberculosis in New Zealand	https://bmcgenomics.biomedcentral.com/articles/10.1186/s12864-017-3569-x
G22337	SRR5216865	A	2002-XX-XX	new_zealand	hawkesbay	bovine	domestic	Crispell et al	Using whole genome sequencing to investigate transmission in a multi-host system: bovine tuberculosis in New Zealand	https://bmcgenomics.biomedcentral.com/articles/10.1186/s12864-017-3569-x
G22338	SRR5216864	A	2013-XX-XX	new_zealand	northland	bovine	domestic	Crispell et al	Using whole genome sequencing to investigate transmission in a multi-host system: bovine tuberculosis in New Zealand	https://bmcgenomics.biomedcentral.com/articles/10.1186/s12864-017-3569-x
G22339	SRR5216863	A	2009-XX-XX	new_zealand	waikato	bovine	domestic	Crispell et al	Using whole genome sequencing to investigate transmission in a multi-host system: bovine tuberculosis in New Zealand	https://bmcgenomics.biomedcentral.com/articles/10.1186/s12864-017-3569-x
G22340	SRR5216862	A	2003-XX-XX	new_zealand	northcant	bovine	domestic	Crispell et al	Using whole genome sequencing to investigate transmission in a multi-host system: bovine tuberculosis in New Zealand	https://bmcgenomics.biomedcentral.com/articles/10.1186/s12864-017-3569-x
G22341	SRR5216861	A	1998-XX-XX	new_zealand	taupo	ferret	wildlife	Crispell et al	Using whole genome sequencing to investigate transmission in a multi-host system: bovine tuberculosis in New Zealand	https://bmcgenomics.biomedcentral.com/articles/10.1186/s12864-017-3569-x
G22342	SRR5216860	A	2011-XX-XX	new_zealand	centralcanterbury	bovine	domestic	Crispell et al	Using whole genome sequencing to investigate transmission in a multi-host system: bovine tuberculosis in New Zealand	https://bmcgenomics.biomedcentral.com/articles/10.1186/s12864-017-3569-x
G22343	SRR5216859	A	1996-XX-XX	new_zealand	northcant	bovine	domestic	Crispell et al	Using whole genome sequencing to investigate transmission in a multi-host system: bovine tuberculosis in New Zealand	https://bmcgenomics.biomedcentral.com/articles/10.1186/s12864-017-3569-x
G22344	SRR5216858	A	1999-XX-XX	new_zealand	westcoast	possum	wildlife	Crispell et al	Using whole genome sequencing to investigate transmission in a multi-host system: bovine tuberculosis in New Zealand	https://bmcgenomics.biomedcentral.com/articles/10.1186/s12864-017-3569-x
G22345	SRR5216857	A	2010-XX-XX	new_zealand	westcoast	bovine	domestic	Crispell et al	Using whole genome sequencing to investigate transmission in a multi-host system: bovine tuberculosis in New Zealand	https://bmcgenomics.biomedcentral.com/articles/10.1186/s12864-017-3569-x
G22346	SRR5216855	A	1998-XX-XX	new_zealand	christchurch	bovine	domestic	Crispell et al	Using whole genome sequencing to investigate transmission in a multi-host system: bovine tuberculosis in New Zealand	https://bmcgenomics.biomedcentral.com/articles/10.1186/s12864-017-3569-x
G22347	SRR5216856	A	2006-XX-XX	new_zealand	westcoast	bovine	domestic	Crispell et al	Using whole genome sequencing to investigate transmission in a multi-host system: bovine tuberculosis in New Zealand	https://bmcgenomics.biomedcentral.com/articles/10.1186/s12864-017-3569-x
G22348	SRR5216854	A	1997-XX-XX	new_zealand	otago	bovine	domestic	Crispell et al	Using whole genome sequencing to investigate transmission in a multi-host system: bovine tuberculosis in New Zealand	https://bmcgenomics.biomedcentral.com/articles/10.1186/s12864-017-3569-x
G22349	SRR5216853	A	2001-XX-XX	new_zealand	hawkesbay	bovine	domestic	Crispell et al	Using whole genome sequencing to investigate transmission in a multi-host system: bovine tuberculosis in New Zealand	https://bmcgenomics.biomedcentral.com/articles/10.1186/s12864-017-3569-x
G22350	SRR5216852	A	1992-XX-XX	new_zealand	northcant	possum	wildlife	Crispell et al	Using whole genome sequencing to investigate transmission in a multi-host system: bovine tuberculosis in New Zealand	https://bmcgenomics.biomedcentral.com/articles/10.1186/s12864-017-3569-x
G22351	SRR5216851	A	2009-XX-XX	new_zealand	canterbury	bovine	domestic	Crispell et al	Using whole genome sequencing to investigate transmission in a multi-host system: bovine tuberculosis in New Zealand	https://bmcgenomics.biomedcentral.com/articles/10.1186/s12864-017-3569-x
G22352	SRR5216850	A	2008-XX-XX	new_zealand	otago	bovine	domestic	Crispell et al	Using whole genome sequencing to investigate transmission in a multi-host system: bovine tuberculosis in New Zealand	https://bmcgenomics.biomedcentral.com/articles/10.1186/s12864-017-3569-x
G22353	SRR5216849	A	1992-XX-XX	new_zealand	northcant	bovine	domestic	Crispell et al	Using whole genome sequencing to investigate transmission in a multi-host system: bovine tuberculosis in New Zealand	https://bmcgenomics.biomedcentral.com/articles/10.1186/s12864-017-3569-x
G22354	SRR5216847	A	2006-XX-XX	new_zealand	hawkesbay	bovine	domestic	Crispell et al	Using whole genome sequencing to investigate transmission in a multi-host system: bovine tuberculosis in New Zealand	https://bmcgenomics.biomedcentral.com/articles/10.1186/s12864-017-3569-x
G22355	SRR5216848	A	1993-XX-XX	new_zealand	blenheim	possum	wildlife	Crispell et al	Using whole genome sequencing to investigate transmission in a multi-host system: bovine tuberculosis in New Zealand	https://bmcgenomics.biomedcentral.com/articles/10.1186/s12864-017-3569-x
G22356	SRR5216846	A	2002-XX-XX	new_zealand	wanganui	bovine	domestic	Crispell et al	Using whole genome sequencing to investigate transmission in a multi-host system: bovine tuberculosis in New Zealand	https://bmcgenomics.biomedcentral.com/articles/10.1186/s12864-017-3569-x
G22357	SRR5216845	A	1994-XX-XX	new_zealand	wanganui	bovine	domestic	Crispell et al	Using whole genome sequencing to investigate transmission in a multi-host system: bovine tuberculosis in New Zealand	https://bmcgenomics.biomedcentral.com/articles/10.1186/s12864-017-3569-x
G22358	SRR5216843	A	1999-XX-XX	new_zealand	westcoast	possum	wildlife	Crispell et al	Using whole genome sequencing to investigate transmission in a multi-host system: bovine tuberculosis in New Zealand	https://bmcgenomics.biomedcentral.com/articles/10.1186/s12864-017-3569-x
G22359	SRR5216844	A	2005-XX-XX	new_zealand	northcant	bovine	domestic	Crispell et al	Using whole genome sequencing to investigate transmission in a multi-host system: bovine tuberculosis in New Zealand	https://bmcgenomics.biomedcentral.com/articles/10.1186/s12864-017-3569-x
G22360	SRR5216840	A	1999-XX-XX	new_zealand	waikato	bovine	domestic	Crispell et al	Using whole genome sequencing to investigate transmission in a multi-host system: bovine tuberculosis in New Zealand	https://bmcgenomics.biomedcentral.com/articles/10.1186/s12864-017-3569-x
G22361	SRR5216841	A	1997-XX-XX	new_zealand	otago	bovine	domestic	Crispell et al	Using whole genome sequencing to investigate transmission in a multi-host system: bovine tuberculosis in New Zealand	https://bmcgenomics.biomedcentral.com/articles/10.1186/s12864-017-3569-x
G22362	SRR5216842	A	1993-XX-XX	new_zealand	kaikoura	ferret	wildlife	Crispell et al	Using whole genome sequencing to investigate transmission in a multi-host system: bovine tuberculosis in New Zealand	https://bmcgenomics.biomedcentral.com/articles/10.1186/s12864-017-3569-x
G22363	SRR5216839	A	1998-XX-XX	new_zealand	taupo	bovine	domestic	Crispell et al	Using whole genome sequencing to investigate transmission in a multi-host system: bovine tuberculosis in New Zealand	https://bmcgenomics.biomedcentral.com/articles/10.1186/s12864-017-3569-x
G22364	SRR5216838	A	1998-XX-XX	new_zealand	kingcountry	bovine	domestic	Crispell et al	Using whole genome sequencing to investigate transmission in a multi-host system: bovine tuberculosis in New Zealand	https://bmcgenomics.biomedcentral.com/articles/10.1186/s12864-017-3569-x
G22365	SRR5216837	A	1994-XX-XX	new_zealand	canterbury	possum	wildlife	Crispell et al	Using whole genome sequencing to investigate transmission in a multi-host system: bovine tuberculosis in New Zealand	https://bmcgenomics.biomedcentral.com/articles/10.1186/s12864-017-3569-x
G22366	SRR5216836	A	2001-XX-XX	new_zealand	marlborough	porcine	domestic	Crispell et al	Using whole genome sequencing to investigate transmission in a multi-host system: bovine tuberculosis in New Zealand	https://bmcgenomics.biomedcentral.com/articles/10.1186/s12864-017-3569-x
G22367	SRR5216835	A	1996-XX-XX	new_zealand	auckland	bovine	domestic	Crispell et al	Using whole genome sequencing to investigate transmission in a multi-host system: bovine tuberculosis in New Zealand	https://bmcgenomics.biomedcentral.com/articles/10.1186/s12864-017-3569-x
G22368	SRR5216834	A	2013-XX-XX	new_zealand	northland	bovine	domestic	Crispell et al	Using whole genome sequencing to investigate transmission in a multi-host system: bovine tuberculosis in New Zealand	https://bmcgenomics.biomedcentral.com/articles/10.1186/s12864-017-3569-x
G22369	SRR5216833	A	2000-XX-XX	new_zealand	blenheim	bovine	domestic	Crispell et al	Using whole genome sequencing to investigate transmission in a multi-host system: bovine tuberculosis in New Zealand	https://bmcgenomics.biomedcentral.com/articles/10.1186/s12864-017-3569-x
G22370	SRR5216832	A	2008-XX-XX	new_zealand	northcant	bovine	domestic	Crispell et al	Using whole genome sequencing to investigate transmission in a multi-host system: bovine tuberculosis in New Zealand	https://bmcgenomics.biomedcentral.com/articles/10.1186/s12864-017-3569-x
G22371	SRR5216831	A	2001-XX-XX	new_zealand	marlborough	possum	wildlife	Crispell et al	Using whole genome sequencing to investigate transmission in a multi-host system: bovine tuberculosis in New Zealand	https://bmcgenomics.biomedcentral.com/articles/10.1186/s12864-017-3569-x
G22372	SRR5216830	A	1998-XX-XX	new_zealand	taupo	bovine	domestic	Crispell et al	Using whole genome sequencing to investigate transmission in a multi-host system: bovine tuberculosis in New Zealand	https://bmcgenomics.biomedcentral.com/articles/10.1186/s12864-017-3569-x
G22373	SRR5216829	A	1999-XX-XX	new_zealand	napier	bovine	domestic	Crispell et al	Using whole genome sequencing to investigate transmission in a multi-host system: bovine tuberculosis in New Zealand	https://bmcgenomics.biomedcentral.com/articles/10.1186/s12864-017-3569-x
G22374	SRR5216828	A	2009-XX-XX	new_zealand	northcant	bovine	domestic	Crispell et al	Using whole genome sequencing to investigate transmission in a multi-host system: bovine tuberculosis in New Zealand	https://bmcgenomics.biomedcentral.com/articles/10.1186/s12864-017-3569-x
G22375	SRR5216827	A	2003-XX-XX	new_zealand	marlborough	ferret	wildlife	Crispell et al	Using whole genome sequencing to investigate transmission in a multi-host system: bovine tuberculosis in New Zealand	https://bmcgenomics.biomedcentral.com/articles/10.1186/s12864-017-3569-x
G22376	SRR5216826	A	2006-XX-XX	new_zealand	kaikoura	bovine	domestic	Crispell et al	Using whole genome sequencing to investigate transmission in a multi-host system: bovine tuberculosis in New Zealand	https://bmcgenomics.biomedcentral.com/articles/10.1186/s12864-017-3569-x
G22377	SRR5216825	A	2008-XX-XX	new_zealand	taihape	bovine	domestic	Crispell et al	Using whole genome sequencing to investigate transmission in a multi-host system: bovine tuberculosis in New Zealand	https://bmcgenomics.biomedcentral.com/articles/10.1186/s12864-017-3569-x
G22378	SRR5216824	A	2002-XX-XX	new_zealand	marlborough	ferret	wildlife	Crispell et al	Using whole genome sequencing to investigate transmission in a multi-host system: bovine tuberculosis in New Zealand	https://bmcgenomics.biomedcentral.com/articles/10.1186/s12864-017-3569-x
G22379	SRR5216823	A	2008-XX-XX	new_zealand	westcoast	bovine	domestic	Crispell et al	Using whole genome sequencing to investigate transmission in a multi-host system: bovine tuberculosis in New Zealand	https://bmcgenomics.biomedcentral.com/articles/10.1186/s12864-017-3569-x
G22380	SRR5216822	A	2006-XX-XX	new_zealand	westcoast	bovine	domestic	Crispell et al	Using whole genome sequencing to investigate transmission in a multi-host system: bovine tuberculosis in New Zealand	https://bmcgenomics.biomedcentral.com/articles/10.1186/s12864-017-3569-x
G22381	SRR5216821	A	1996-XX-XX	new_zealand	wanganui	bovine	domestic	Crispell et al	Using whole genome sequencing to investigate transmission in a multi-host system: bovine tuberculosis in New Zealand	https://bmcgenomics.biomedcentral.com/articles/10.1186/s12864-017-3569-x
G22382	SRR5216820	A	2005-XX-XX	new_zealand	canterbury	stoat	wildlife	Crispell et al	Using whole genome sequencing to investigate transmission in a multi-host system: bovine tuberculosis in New Zealand	https://bmcgenomics.biomedcentral.com/articles/10.1186/s12864-017-3569-x
G22383	SRR5216819	A	1987-XX-XX	new_zealand	mackenziecountry	bovine	domestic	Crispell et al	Using whole genome sequencing to investigate transmission in a multi-host system: bovine tuberculosis in New Zealand	https://bmcgenomics.biomedcentral.com/articles/10.1186/s12864-017-3569-x
G22384	SRR5216818	A	1994-XX-XX	new_zealand	eastcoast	bovine	domestic	Crispell et al	Using whole genome sequencing to investigate transmission in a multi-host system: bovine tuberculosis in New Zealand	https://bmcgenomics.biomedcentral.com/articles/10.1186/s12864-017-3569-x
G22385	SRR5216817	A	1993-XX-XX	new_zealand	northcant	ferret	wildlife	Crispell et al	Using whole genome sequencing to investigate transmission in a multi-host system: bovine tuberculosis in New Zealand	https://bmcgenomics.biomedcentral.com/articles/10.1186/s12864-017-3569-x
G22386	SRR5216816	A	2011-XX-XX	new_zealand	westcoast	bovine	domestic	Crispell et al	Using whole genome sequencing to investigate transmission in a multi-host system: bovine tuberculosis in New Zealand	https://bmcgenomics.biomedcentral.com/articles/10.1186/s12864-017-3569-x
G22387	SRR5216815	A	2010-XX-XX	new_zealand	westcoast	bovine	domestic	Crispell et al	Using whole genome sequencing to investigate transmission in a multi-host system: bovine tuberculosis in New Zealand	https://bmcgenomics.biomedcentral.com/articles/10.1186/s12864-017-3569-x
G22388	SRR5216814	A	2004-XX-XX	new_zealand	southland	ferret	wildlife	Crispell et al	Using whole genome sequencing to investigate transmission in a multi-host system: bovine tuberculosis in New Zealand	https://bmcgenomics.biomedcentral.com/articles/10.1186/s12864-017-3569-x
G22389	SRR5216813	A	2007-XX-XX	new_zealand	westcoast	bovine	domestic	Crispell et al	Using whole genome sequencing to investigate transmission in a multi-host system: bovine tuberculosis in New Zealand	https://bmcgenomics.biomedcentral.com/articles/10.1186/s12864-017-3569-x
G22390	SRR5216812	A	2010-XX-XX	new_zealand	canterbury	bovine	domestic	Crispell et al	Using whole genome sequencing to investigate transmission in a multi-host system: bovine tuberculosis in New Zealand	https://bmcgenomics.biomedcentral.com/articles/10.1186/s12864-017-3569-x
G22391	SRR5216811	A	2002-XX-XX	new_zealand	blenheim	ferret	wildlife	Crispell et al	Using whole genome sequencing to investigate transmission in a multi-host system: bovine tuberculosis in New Zealand	https://bmcgenomics.biomedcentral.com/articles/10.1186/s12864-017-3569-x
G22392	SRR5216810	A	2012-XX-XX	new_zealand	westcoast	possum	wildlife	Crispell et al	Using whole genome sequencing to investigate transmission in a multi-host system: bovine tuberculosis in New Zealand	https://bmcgenomics.biomedcentral.com/articles/10.1186/s12864-017-3569-x
G22393	SRR5216809	A	1985-XX-XX	new_zealand	bankspeninsula	possum	wildlife	Crispell et al	Using whole genome sequencing to investigate transmission in a multi-host system: bovine tuberculosis in New Zealand	https://bmcgenomics.biomedcentral.com/articles/10.1186/s12864-017-3569-x
G22394	SRR5216808	A	2005-XX-XX	new_zealand	blenheim	bovine	domestic	Crispell et al	Using whole genome sequencing to investigate transmission in a multi-host system: bovine tuberculosis in New Zealand	https://bmcgenomics.biomedcentral.com/articles/10.1186/s12864-017-3569-x
G22395	SRR5216807	A	2009-XX-XX	new_zealand	canterbury	bovine	domestic	Crispell et al	Using whole genome sequencing to investigate transmission in a multi-host system: bovine tuberculosis in New Zealand	https://bmcgenomics.biomedcentral.com/articles/10.1186/s12864-017-3569-x
G22396	SRR5216806	A	1997-XX-XX	new_zealand	mackenziecountry	ferret	wildlife	Crispell et al	Using whole genome sequencing to investigate transmission in a multi-host system: bovine tuberculosis in New Zealand	https://bmcgenomics.biomedcentral.com/articles/10.1186/s12864-017-3569-x
G22397	SRR5216805	A	2008-XX-XX	new_zealand	hawkesbay	bovine	domestic	Crispell et al	Using whole genome sequencing to investigate transmission in a multi-host system: bovine tuberculosis in New Zealand	https://bmcgenomics.biomedcentral.com/articles/10.1186/s12864-017-3569-x
G22398	SRR5216804	A	2006-XX-XX	new_zealand	westcoast	bovine	domestic	Crispell et al	Using whole genome sequencing to investigate transmission in a multi-host system: bovine tuberculosis in New Zealand	https://bmcgenomics.biomedcentral.com/articles/10.1186/s12864-017-3569-x
G22399	SRR5216803	A	1992-XX-XX	new_zealand	westcoast	possum	wildlife	Crispell et al	Using whole genome sequencing to investigate transmission in a multi-host system: bovine tuberculosis in New Zealand	https://bmcgenomics.biomedcentral.com/articles/10.1186/s12864-017-3569-x
G22400	SRR5216802	A	1996-XX-XX	new_zealand	manawatu	ferret	wildlife	Crispell et al	Using whole genome sequencing to investigate transmission in a multi-host system: bovine tuberculosis in New Zealand	https://bmcgenomics.biomedcentral.com/articles/10.1186/s12864-017-3569-x
G22401	SRR5216801	A	2005-XX-XX	new_zealand	northcant	bovine	domestic	Crispell et al	Using whole genome sequencing to investigate transmission in a multi-host system: bovine tuberculosis in New Zealand	https://bmcgenomics.biomedcentral.com/articles/10.1186/s12864-017-3569-x
G22402	SRR5216800	A	2013-XX-XX	new_zealand	taranaki	bovine	domestic	Crispell et al	Using whole genome sequencing to investigate transmission in a multi-host system: bovine tuberculosis in New Zealand	https://bmcgenomics.biomedcentral.com/articles/10.1186/s12864-017-3569-x
G22403	SRR5216799	A	1998-XX-XX	new_zealand	otago	bovine	domestic	Crispell et al	Using whole genome sequencing to investigate transmission in a multi-host system: bovine tuberculosis in New Zealand	https://bmcgenomics.biomedcentral.com/articles/10.1186/s12864-017-3569-x
G22404	SRR5216798	A	2000-XX-XX	new_zealand	taupo	bovine	domestic	Crispell et al	Using whole genome sequencing to investigate transmission in a multi-host system: bovine tuberculosis in New Zealand	https://bmcgenomics.biomedcentral.com/articles/10.1186/s12864-017-3569-x
G22405	SRR5216797	A	1992-XX-XX	new_zealand	southland	porcine	domestic	Crispell et al	Using whole genome sequencing to investigate transmission in a multi-host system: bovine tuberculosis in New Zealand	https://bmcgenomics.biomedcentral.com/articles/10.1186/s12864-017-3569-x
G22406	SRR5216796	A	2004-XX-XX	new_zealand	taupo	ferret	wildlife	Crispell et al	Using whole genome sequencing to investigate transmission in a multi-host system: bovine tuberculosis in New Zealand	https://bmcgenomics.biomedcentral.com/articles/10.1186/s12864-017-3569-x
G22407	SRR5216795	A	1996-XX-XX	new_zealand	waikato	bovine	domestic	Crispell et al	Using whole genome sequencing to investigate transmission in a multi-host system: bovine tuberculosis in New Zealand	https://bmcgenomics.biomedcentral.com/articles/10.1186/s12864-017-3569-x
G22408	SRR5216794	A	1998-XX-XX	new_zealand	taupo	possum	wildlife	Crispell et al	Using whole genome sequencing to investigate transmission in a multi-host system: bovine tuberculosis in New Zealand	https://bmcgenomics.biomedcentral.com/articles/10.1186/s12864-017-3569-x
G22409	SRR5216793	A	2007-XX-XX	new_zealand	taihape	ferret	wildlife	Crispell et al	Using whole genome sequencing to investigate transmission in a multi-host system: bovine tuberculosis in New Zealand	https://bmcgenomics.biomedcentral.com/articles/10.1186/s12864-017-3569-x
G22410	SRR5216792	A	2011-XX-XX	new_zealand	westcoast	bovine	domestic	Crispell et al	Using whole genome sequencing to investigate transmission in a multi-host system: bovine tuberculosis in New Zealand	https://bmcgenomics.biomedcentral.com/articles/10.1186/s12864-017-3569-x
G22411	SRR5216791	A	2007-XX-XX	new_zealand	northcant	bovine	domestic	Crispell et al	Using whole genome sequencing to investigate transmission in a multi-host system: bovine tuberculosis in New Zealand	https://bmcgenomics.biomedcentral.com/articles/10.1186/s12864-017-3569-x
G22412	SRR5216790	A	1999-XX-XX	new_zealand	kaikoura	bovine	domestic	Crispell et al	Using whole genome sequencing to investigate transmission in a multi-host system: bovine tuberculosis in New Zealand	https://bmcgenomics.biomedcentral.com/articles/10.1186/s12864-017-3569-x
G22413	SRR5216789	A	1991-XX-XX	new_zealand	mackenziecountry	bovine	domestic	Crispell et al	Using whole genome sequencing to investigate transmission in a multi-host system: bovine tuberculosis in New Zealand	https://bmcgenomics.biomedcentral.com/articles/10.1186/s12864-017-3569-x
G22414	SRR5216788	A	2002-XX-XX	new_zealand	hawkesbay	bovine	domestic	Crispell et al	Using whole genome sequencing to investigate transmission in a multi-host system: bovine tuberculosis in New Zealand	https://bmcgenomics.biomedcentral.com/articles/10.1186/s12864-017-3569-x
G22415	SRR5216787	A	2003-XX-XX	new_zealand	hawkesbay	bovine	domestic	Crispell et al	Using whole genome sequencing to investigate transmission in a multi-host system: bovine tuberculosis in New Zealand	https://bmcgenomics.biomedcentral.com/articles/10.1186/s12864-017-3569-x
G22416	SRR5216786	A	1993-XX-XX	new_zealand	northcant	bovine	domestic	Crispell et al	Using whole genome sequencing to investigate transmission in a multi-host system: bovine tuberculosis in New Zealand	https://bmcgenomics.biomedcentral.com/articles/10.1186/s12864-017-3569-x
G22417	SRR5216785	A	2002-XX-XX	new_zealand	westcoast	bovine	domestic	Crispell et al	Using whole genome sequencing to investigate transmission in a multi-host system: bovine tuberculosis in New Zealand	https://bmcgenomics.biomedcentral.com/articles/10.1186/s12864-017-3569-x
G22418	SRR5216784	A	2013-XX-XX	new_zealand	taranaki	bovine	domestic	Crispell et al	Using whole genome sequencing to investigate transmission in a multi-host system: bovine tuberculosis in New Zealand	https://bmcgenomics.biomedcentral.com/articles/10.1186/s12864-017-3569-x
G22419	SRR5216783	A	2003-XX-XX	new_zealand	hawkesbay	ferret	wildlife	Crispell et al	Using whole genome sequencing to investigate transmission in a multi-host system: bovine tuberculosis in New Zealand	https://bmcgenomics.biomedcentral.com/articles/10.1186/s12864-017-3569-x
G22420	SRR5216782	A	1994-XX-XX	new_zealand	blenheim	bovine	domestic	Crispell et al	Using whole genome sequencing to investigate transmission in a multi-host system: bovine tuberculosis in New Zealand	https://bmcgenomics.biomedcentral.com/articles/10.1186/s12864-017-3569-x
G22421	SRR5216781	A	2002-XX-XX	new_zealand	southland	bovine	domestic	Crispell et al	Using whole genome sequencing to investigate transmission in a multi-host system: bovine tuberculosis in New Zealand	https://bmcgenomics.biomedcentral.com/articles/10.1186/s12864-017-3569-x
G22422	SRR5216780	A	2009-XX-XX	new_zealand	taranaki	bovine	domestic	Crispell et al	Using whole genome sequencing to investigate transmission in a multi-host system: bovine tuberculosis in New Zealand	https://bmcgenomics.biomedcentral.com/articles/10.1186/s12864-017-3569-x
G22423	SRR5216779	A	2000-XX-XX	new_zealand	otago	possum	wildlife	Crispell et al	Using whole genome sequencing to investigate transmission in a multi-host system: bovine tuberculosis in New Zealand	https://bmcgenomics.biomedcentral.com/articles/10.1186/s12864-017-3569-x
G22424	SRR5216778	A	2013-XX-XX	new_zealand	westcoast	bovine	domestic	Crispell et al	Using whole genome sequencing to investigate transmission in a multi-host system: bovine tuberculosis in New Zealand	https://bmcgenomics.biomedcentral.com/articles/10.1186/s12864-017-3569-x
G22425	SRR5216777	A	2013-XX-XX	new_zealand	taranaki	bovine	domestic	Crispell et al	Using whole genome sequencing to investigate transmission in a multi-host system: bovine tuberculosis in New Zealand	https://bmcgenomics.biomedcentral.com/articles/10.1186/s12864-017-3569-x
G22426	SRR5216776	A	2005-XX-XX	new_zealand	westcoast	bovine	domestic	Crispell et al	Using whole genome sequencing to investigate transmission in a multi-host system: bovine tuberculosis in New Zealand	https://bmcgenomics.biomedcentral.com/articles/10.1186/s12864-017-3569-x
G22427	SRR5216775	A	2007-XX-XX	new_zealand	westcoast	bovine	domestic	Crispell et al	Using whole genome sequencing to investigate transmission in a multi-host system: bovine tuberculosis in New Zealand	https://bmcgenomics.biomedcentral.com/articles/10.1186/s12864-017-3569-x
G22428	SRR5216774	A	1994-XX-XX	new_zealand	otago	bovine	domestic	Crispell et al	Using whole genome sequencing to investigate transmission in a multi-host system: bovine tuberculosis in New Zealand	https://bmcgenomics.biomedcentral.com/articles/10.1186/s12864-017-3569-x
G22429	SRR5216773	A	1998-XX-XX	new_zealand	taupo	bovine	domestic	Crispell et al	Using whole genome sequencing to investigate transmission in a multi-host system: bovine tuberculosis in New Zealand	https://bmcgenomics.biomedcentral.com/articles/10.1186/s12864-017-3569-x
G22430	SRR5216772	A	2006-XX-XX	new_zealand	hawkesbay	bovine	domestic	Crispell et al	Using whole genome sequencing to investigate transmission in a multi-host system: bovine tuberculosis in New Zealand	https://bmcgenomics.biomedcentral.com/articles/10.1186/s12864-017-3569-x
G22431	SRR5216771	A	2001-XX-XX	new_zealand	blenheim	ferret	wildlife	Crispell et al	Using whole genome sequencing to investigate transmission in a multi-host system: bovine tuberculosis in New Zealand	https://bmcgenomics.biomedcentral.com/articles/10.1186/s12864-017-3569-x
G22432	SRR5216770	A	1989-XX-XX	new_zealand	westcoast	bovine	domestic	Crispell et al	Using whole genome sequencing to investigate transmission in a multi-host system: bovine tuberculosis in New Zealand	https://bmcgenomics.biomedcentral.com/articles/10.1186/s12864-017-3569-x
G22433	SRR5216769	A	2000-XX-XX	new_zealand	hawkesbay	bovine	domestic	Crispell et al	Using whole genome sequencing to investigate transmission in a multi-host system: bovine tuberculosis in New Zealand	https://bmcgenomics.biomedcentral.com/articles/10.1186/s12864-017-3569-x
G22434	SRR5216768	A	1999-XX-XX	new_zealand	southland	bovine	domestic	Crispell et al	Using whole genome sequencing to investigate transmission in a multi-host system: bovine tuberculosis in New Zealand	https://bmcgenomics.biomedcentral.com/articles/10.1186/s12864-017-3569-x
G22435	SRR5216767	A	1992-XX-XX	new_zealand	blenheim	porcine	domestic	Crispell et al	Using whole genome sequencing to investigate transmission in a multi-host system: bovine tuberculosis in New Zealand	https://bmcgenomics.biomedcentral.com/articles/10.1186/s12864-017-3569-x
G22436	SRR5216766	A	2013-XX-XX	new_zealand	taranaki	bovine	domestic	Crispell et al	Using whole genome sequencing to investigate transmission in a multi-host system: bovine tuberculosis in New Zealand	https://bmcgenomics.biomedcentral.com/articles/10.1186/s12864-017-3569-x
G22437	SRR5216765	A	1994-XX-XX	new_zealand	westcoast	cervine	wildlife	Crispell et al	Using whole genome sequencing to investigate transmission in a multi-host system: bovine tuberculosis in New Zealand	https://bmcgenomics.biomedcentral.com/articles/10.1186/s12864-017-3569-x
G22438	SRR5216764	A	2005-XX-XX	new_zealand	taupo	bovine	domestic	Crispell et al	Using whole genome sequencing to investigate transmission in a multi-host system: bovine tuberculosis in New Zealand	https://bmcgenomics.biomedcentral.com/articles/10.1186/s12864-017-3569-x
G22439	SRR5216763	A	2005-XX-XX	new_zealand	otago	bovine	domestic	Crispell et al	Using whole genome sequencing to investigate transmission in a multi-host system: bovine tuberculosis in New Zealand	https://bmcgenomics.biomedcentral.com/articles/10.1186/s12864-017-3569-x
G22440	SRR5216762	A	1999-XX-XX	new_zealand	northcant	bovine	domestic	Crispell et al	Using whole genome sequencing to investigate transmission in a multi-host system: bovine tuberculosis in New Zealand	https://bmcgenomics.biomedcentral.com/articles/10.1186/s12864-017-3569-x
G22441	SRR5216761	A	1999-XX-XX	new_zealand	canterbury	ferret	wildlife	Crispell et al	Using whole genome sequencing to investigate transmission in a multi-host system: bovine tuberculosis in New Zealand	https://bmcgenomics.biomedcentral.com/articles/10.1186/s12864-017-3569-x
G22442	SRR5216760	A	2005-XX-XX	new_zealand	northcant	bovine	domestic	Crispell et al	Using whole genome sequencing to investigate transmission in a multi-host system: bovine tuberculosis in New Zealand	https://bmcgenomics.biomedcentral.com/articles/10.1186/s12864-017-3569-x
G22443	SRR5216759	A	2002-XX-XX	new_zealand	kaitangata	bovine	domestic	Crispell et al	Using whole genome sequencing to investigate transmission in a multi-host system: bovine tuberculosis in New Zealand	https://bmcgenomics.biomedcentral.com/articles/10.1186/s12864-017-3569-x
G22444	SRR5216758	A	1992-XX-XX	new_zealand	southland	possum	wildlife	Crispell et al	Using whole genome sequencing to investigate transmission in a multi-host system: bovine tuberculosis in New Zealand	https://bmcgenomics.biomedcentral.com/articles/10.1186/s12864-017-3569-x
G22445	SRR5216757	A	2002-XX-XX	new_zealand	westcoast	possum	wildlife	Crispell et al	Using whole genome sequencing to investigate transmission in a multi-host system: bovine tuberculosis in New Zealand	https://bmcgenomics.biomedcentral.com/articles/10.1186/s12864-017-3569-x
G22446	SRR5216756	A	2005-XX-XX	new_zealand	westcoast	bovine	domestic	Crispell et al	Using whole genome sequencing to investigate transmission in a multi-host system: bovine tuberculosis in New Zealand	https://bmcgenomics.biomedcentral.com/articles/10.1186/s12864-017-3569-x
G22447	SRR5216755	A	2005-XX-XX	new_zealand	kaikoura	bovine	domestic	Crispell et al	Using whole genome sequencing to investigate transmission in a multi-host system: bovine tuberculosis in New Zealand	https://bmcgenomics.biomedcentral.com/articles/10.1186/s12864-017-3569-x
G22448	SRR5216754	A	2007-XX-XX	new_zealand	southland	bovine	domestic	Crispell et al	Using whole genome sequencing to investigate transmission in a multi-host system: bovine tuberculosis in New Zealand	https://bmcgenomics.biomedcentral.com/articles/10.1186/s12864-017-3569-x
G22449	SRR5216753	A	2006-XX-XX	new_zealand	westcoast	possum	wildlife	Crispell et al	Using whole genome sequencing to investigate transmission in a multi-host system: bovine tuberculosis in New Zealand	https://bmcgenomics.biomedcentral.com/articles/10.1186/s12864-017-3569-x
G22450	SRR5216752	A	1993-XX-XX	new_zealand	northcant	ferret	wildlife	Crispell et al	Using whole genome sequencing to investigate transmission in a multi-host system: bovine tuberculosis in New Zealand	https://bmcgenomics.biomedcentral.com/articles/10.1186/s12864-017-3569-x
G22451	SRR5216751	A	2007-XX-XX	new_zealand	taihape	bovine	domestic	Crispell et al	Using whole genome sequencing to investigate transmission in a multi-host system: bovine tuberculosis in New Zealand	https://bmcgenomics.biomedcentral.com/articles/10.1186/s12864-017-3569-x
G22452	SRR5216750	A	2008-XX-XX	new_zealand	kaikoura	bovine	domestic	Crispell et al	Using whole genome sequencing to investigate transmission in a multi-host system: bovine tuberculosis in New Zealand	https://bmcgenomics.biomedcentral.com/articles/10.1186/s12864-017-3569-x
G22453	SRR5216749	A	2004-XX-XX	new_zealand	westcoast	porcine	domestic	Crispell et al	Using whole genome sequencing to investigate transmission in a multi-host system: bovine tuberculosis in New Zealand	https://bmcgenomics.biomedcentral.com/articles/10.1186/s12864-017-3569-x
G22454	SRR5216748	A	2006-XX-XX	new_zealand	waikato	bovine	domestic	Crispell et al	Using whole genome sequencing to investigate transmission in a multi-host system: bovine tuberculosis in New Zealand	https://bmcgenomics.biomedcentral.com/articles/10.1186/s12864-017-3569-x
G22455	SRR5216747	A	1996-XX-XX	new_zealand	northcant	ferret	wildlife	Crispell et al	Using whole genome sequencing to investigate transmission in a multi-host system: bovine tuberculosis in New Zealand	https://bmcgenomics.biomedcentral.com/articles/10.1186/s12864-017-3569-x
G22456	SRR5216746	A	1987-XX-XX	new_zealand	mackenziecountry	possum	wildlife	Crispell et al	Using whole genome sequencing to investigate transmission in a multi-host system: bovine tuberculosis in New Zealand	https://bmcgenomics.biomedcentral.com/articles/10.1186/s12864-017-3569-x
G22457	SRR5216745	A	2005-XX-XX	new_zealand	westcoast	bovine	domestic	Crispell et al	Using whole genome sequencing to investigate transmission in a multi-host system: bovine tuberculosis in New Zealand	https://bmcgenomics.biomedcentral.com/articles/10.1186/s12864-017-3569-x
G22458	SRR5216744	A	2006-XX-XX	new_zealand	waikato	bovine	domestic	Crispell et al	Using whole genome sequencing to investigate transmission in a multi-host system: bovine tuberculosis in New Zealand	https://bmcgenomics.biomedcentral.com/articles/10.1186/s12864-017-3569-x
G22459	SRR5216743	A	1998-XX-XX	new_zealand	kingcountry	bovine	domestic	Crispell et al	Using whole genome sequencing to investigate transmission in a multi-host system: bovine tuberculosis in New Zealand	https://bmcgenomics.biomedcentral.com/articles/10.1186/s12864-017-3569-x
G22460	SRR5216742	A	2002-XX-XX	new_zealand	hawkesbay	bovine	domestic	Crispell et al	Using whole genome sequencing to investigate transmission in a multi-host system: bovine tuberculosis in New Zealand	https://bmcgenomics.biomedcentral.com/articles/10.1186/s12864-017-3569-x
G22461	SRR5216741	A	1999-XX-XX	new_zealand	otago	bovine	domestic	Crispell et al	Using whole genome sequencing to investigate transmission in a multi-host system: bovine tuberculosis in New Zealand	https://bmcgenomics.biomedcentral.com/articles/10.1186/s12864-017-3569-x
G22462	SRR5216740	A	2001-XX-XX	new_zealand	hawkesbay	bovine	domestic	Crispell et al	Using whole genome sequencing to investigate transmission in a multi-host system: bovine tuberculosis in New Zealand	https://bmcgenomics.biomedcentral.com/articles/10.1186/s12864-017-3569-x
G22463	SRR5216739	A	2002-XX-XX	new_zealand	blenheim	ferret	wildlife	Crispell et al	Using whole genome sequencing to investigate transmission in a multi-host system: bovine tuberculosis in New Zealand	https://bmcgenomics.biomedcentral.com/articles/10.1186/s12864-017-3569-x
G22464	SRR5216738	A	1991-XX-XX	new_zealand	northcant	bovine	domestic	Crispell et al	Using whole genome sequencing to investigate transmission in a multi-host system: bovine tuberculosis in New Zealand	https://bmcgenomics.biomedcentral.com/articles/10.1186/s12864-017-3569-x
G22465	SRR5216737	A	2010-XX-XX	new_zealand	westcoast	bovine	domestic	Crispell et al	Using whole genome sequencing to investigate transmission in a multi-host system: bovine tuberculosis in New Zealand	https://bmcgenomics.biomedcentral.com/articles/10.1186/s12864-017-3569-x
G22466	SRR5216736	A	2001-XX-XX	new_zealand	hawkesbay	bovine	domestic	Crispell et al	Using whole genome sequencing to investigate transmission in a multi-host system: bovine tuberculosis in New Zealand	https://bmcgenomics.biomedcentral.com/articles/10.1186/s12864-017-3569-x
G22467	SRR5216735	A	2002-XX-XX	new_zealand	westcoast	bovine	domestic	Crispell et al	Using whole genome sequencing to investigate transmission in a multi-host system: bovine tuberculosis in New Zealand	https://bmcgenomics.biomedcentral.com/articles/10.1186/s12864-017-3569-x
G22468	SRR5216734	A	2013-XX-XX	new_zealand	taranaki	bovine	domestic	Crispell et al	Using whole genome sequencing to investigate transmission in a multi-host system: bovine tuberculosis in New Zealand	https://bmcgenomics.biomedcentral.com/articles/10.1186/s12864-017-3569-x
G22469	SRR5216733	A	1993-XX-XX	new_zealand	blenheim	possum	wildlife	Crispell et al	Using whole genome sequencing to investigate transmission in a multi-host system: bovine tuberculosis in New Zealand	https://bmcgenomics.biomedcentral.com/articles/10.1186/s12864-017-3569-x
G22470	SRR5216732	A	1993-XX-XX	new_zealand	blenheim	bovine	domestic	Crispell et al	Using whole genome sequencing to investigate transmission in a multi-host system: bovine tuberculosis in New Zealand	https://bmcgenomics.biomedcentral.com/articles/10.1186/s12864-017-3569-x
G22471	SRR5216731	A	1998-XX-XX	new_zealand	southland	ferret	wildlife	Crispell et al	Using whole genome sequencing to investigate transmission in a multi-host system: bovine tuberculosis in New Zealand	https://bmcgenomics.biomedcentral.com/articles/10.1186/s12864-017-3569-x
G22472	SRR5216730	A	1992-XX-XX	new_zealand	westcoast	possum	wildlife	Crispell et al	Using whole genome sequencing to investigate transmission in a multi-host system: bovine tuberculosis in New Zealand	https://bmcgenomics.biomedcentral.com/articles/10.1186/s12864-017-3569-x
G22473	SRR5216728	A	2008-XX-XX	new_zealand	westcoast	bovine	domestic	Crispell et al	Using whole genome sequencing to investigate transmission in a multi-host system: bovine tuberculosis in New Zealand	https://bmcgenomics.biomedcentral.com/articles/10.1186/s12864-017-3569-x
G22474	SRR5216729	A	1989-XX-XX	new_zealand	westcoast	possum	wildlife	Crispell et al	Using whole genome sequencing to investigate transmission in a multi-host system: bovine tuberculosis in New Zealand	https://bmcgenomics.biomedcentral.com/articles/10.1186/s12864-017-3569-x
G22475	SRR5216727	A	1985-XX-XX	new_zealand	otago	possum	wildlife	Crispell et al	Using whole genome sequencing to investigate transmission in a multi-host system: bovine tuberculosis in New Zealand	https://bmcgenomics.biomedcentral.com/articles/10.1186/s12864-017-3569-x
G22476	SRR5216726	A	2007-XX-XX	new_zealand	westcoast	bovine	domestic	Crispell et al	Using whole genome sequencing to investigate transmission in a multi-host system: bovine tuberculosis in New Zealand	https://bmcgenomics.biomedcentral.com/articles/10.1186/s12864-017-3569-x
G22477	SRR5216725	A	2004-XX-XX	new_zealand	northcant	bovine	domestic	Crispell et al	Using whole genome sequencing to investigate transmission in a multi-host system: bovine tuberculosis in New Zealand	https://bmcgenomics.biomedcentral.com/articles/10.1186/s12864-017-3569-x
G22478	SRR5216724	A	1993-XX-XX	new_zealand	otago	ferret	wildlife	Crispell et al	Using whole genome sequencing to investigate transmission in a multi-host system: bovine tuberculosis in New Zealand	https://bmcgenomics.biomedcentral.com/articles/10.1186/s12864-017-3569-x
G22479	SRR5216723	A	2005-XX-XX	new_zealand	kaikoura	bovine	domestic	Crispell et al	Using whole genome sequencing to investigate transmission in a multi-host system: bovine tuberculosis in New Zealand	https://bmcgenomics.biomedcentral.com/articles/10.1186/s12864-017-3569-x
G22480	SRR5216722	A	1992-XX-XX	new_zealand	northcant	bovine	domestic	Crispell et al	Using whole genome sequencing to investigate transmission in a multi-host system: bovine tuberculosis in New Zealand	https://bmcgenomics.biomedcentral.com/articles/10.1186/s12864-017-3569-x
G22481	SRR5216721	A	1996-XX-XX	new_zealand	manawatu	ferret	wildlife	Crispell et al	Using whole genome sequencing to investigate transmission in a multi-host system: bovine tuberculosis in New Zealand	https://bmcgenomics.biomedcentral.com/articles/10.1186/s12864-017-3569-x
G22482	SRR5216719	A	1997-XX-XX	new_zealand	northotago	bovine	domestic	Crispell et al	Using whole genome sequencing to investigate transmission in a multi-host system: bovine tuberculosis in New Zealand	https://bmcgenomics.biomedcentral.com/articles/10.1186/s12864-017-3569-x
G22483	SRR5216720	A	1983-XX-XX	new_zealand	kingcountry	possum	wildlife	Crispell et al	Using whole genome sequencing to investigate transmission in a multi-host system: bovine tuberculosis in New Zealand	https://bmcgenomics.biomedcentral.com/articles/10.1186/s12864-017-3569-x
G22484	SRR5216718	A	2002-XX-XX	new_zealand	hawkesbay	bovine	domestic	Crispell et al	Using whole genome sequencing to investigate transmission in a multi-host system: bovine tuberculosis in New Zealand	https://bmcgenomics.biomedcentral.com/articles/10.1186/s12864-017-3569-x
G22485	SRR5216717	A	2004-XX-XX	new_zealand	westcoast	bovine	domestic	Crispell et al	Using whole genome sequencing to investigate transmission in a multi-host system: bovine tuberculosis in New Zealand	https://bmcgenomics.biomedcentral.com/articles/10.1186/s12864-017-3569-x
G22486	SRR5216715	A	1999-XX-XX	new_zealand	rotorua	ferret	wildlife	Crispell et al	Using whole genome sequencing to investigate transmission in a multi-host system: bovine tuberculosis in New Zealand	https://bmcgenomics.biomedcentral.com/articles/10.1186/s12864-017-3569-x
G22487	SRR5216716	A	2008-XX-XX	new_zealand	marlborough	ferret	wildlife	Crispell et al	Using whole genome sequencing to investigate transmission in a multi-host system: bovine tuberculosis in New Zealand	https://bmcgenomics.biomedcentral.com/articles/10.1186/s12864-017-3569-x
G22488	SRR5216713	A	2000-XX-XX	new_zealand	taupo	possum	wildlife	Crispell et al	Using whole genome sequencing to investigate transmission in a multi-host system: bovine tuberculosis in New Zealand	https://bmcgenomics.biomedcentral.com/articles/10.1186/s12864-017-3569-x
G22489	SRR5216714	A	1993-XX-XX	new_zealand	canterbury	bovine	domestic	Crispell et al	Using whole genome sequencing to investigate transmission in a multi-host system: bovine tuberculosis in New Zealand	https://bmcgenomics.biomedcentral.com/articles/10.1186/s12864-017-3569-x
G22490	SRR5216712	A	1999-XX-XX	new_zealand	kaikoura	bovine	domestic	Crispell et al	Using whole genome sequencing to investigate transmission in a multi-host system: bovine tuberculosis in New Zealand	https://bmcgenomics.biomedcentral.com/articles/10.1186/s12864-017-3569-x
G22491	SRR5216711	A	1999-XX-XX	new_zealand	northotago	possum	wildlife	Crispell et al	Using whole genome sequencing to investigate transmission in a multi-host system: bovine tuberculosis in New Zealand	https://bmcgenomics.biomedcentral.com/articles/10.1186/s12864-017-3569-x
G22492	SRR5216710	A	2008-XX-XX	new_zealand	taranaki	bovine	domestic	Crispell et al	Using whole genome sequencing to investigate transmission in a multi-host system: bovine tuberculosis in New Zealand	https://bmcgenomics.biomedcentral.com/articles/10.1186/s12864-017-3569-x
G22493	SRR5216709	A	1989-XX-XX	new_zealand	northotago	possum	wildlife	Crispell et al	Using whole genome sequencing to investigate transmission in a multi-host system: bovine tuberculosis in New Zealand	https://bmcgenomics.biomedcentral.com/articles/10.1186/s12864-017-3569-x
G22494	SRR5216708	A	1999-XX-XX	new_zealand	canterbury	bovine	domestic	Crispell et al	Using whole genome sequencing to investigate transmission in a multi-host system: bovine tuberculosis in New Zealand	https://bmcgenomics.biomedcentral.com/articles/10.1186/s12864-017-3569-x
G22495	SRR5216707	A	2004-XX-XX	new_zealand	hawkesbay	bovine	domestic	Crispell et al	Using whole genome sequencing to investigate transmission in a multi-host system: bovine tuberculosis in New Zealand	https://bmcgenomics.biomedcentral.com/articles/10.1186/s12864-017-3569-x
G22496	SRR5216705	A	2003-XX-XX	new_zealand	canterbury	ferret	wildlife	Crispell et al	Using whole genome sequencing to investigate transmission in a multi-host system: bovine tuberculosis in New Zealand	https://bmcgenomics.biomedcentral.com/articles/10.1186/s12864-017-3569-x
G22497	SRR5216706	A	2007-XX-XX	new_zealand	waikato	bovine	domestic	Crispell et al	Using whole genome sequencing to investigate transmission in a multi-host system: bovine tuberculosis in New Zealand	https://bmcgenomics.biomedcentral.com/articles/10.1186/s12864-017-3569-x
G22498	SRR5216704	A	2006-XX-XX	new_zealand	manawatu	bovine	domestic	Crispell et al	Using whole genome sequencing to investigate transmission in a multi-host system: bovine tuberculosis in New Zealand	https://bmcgenomics.biomedcentral.com/articles/10.1186/s12864-017-3569-x
G22499	SRR5216703	A	2004-XX-XX	new_zealand	kaikoura	bovine	domestic	Crispell et al	Using whole genome sequencing to investigate transmission in a multi-host system: bovine tuberculosis in New Zealand	https://bmcgenomics.biomedcentral.com/articles/10.1186/s12864-017-3569-x
G22500	SRR5216701	A	2013-XX-XX	new_zealand	taranaki	bovine	domestic	Crispell et al	Using whole genome sequencing to investigate transmission in a multi-host system: bovine tuberculosis in New Zealand	https://bmcgenomics.biomedcentral.com/articles/10.1186/s12864-017-3569-x
G22501	SRR5216702	A	2008-XX-XX	new_zealand	manawatu	bovine	domestic	Crispell et al	Using whole genome sequencing to investigate transmission in a multi-host system: bovine tuberculosis in New Zealand	https://bmcgenomics.biomedcentral.com/articles/10.1186/s12864-017-3569-x
G22502	SRR5216700	A	2004-XX-XX	new_zealand	taupo	ferret	wildlife	Crispell et al	Using whole genome sequencing to investigate transmission in a multi-host system: bovine tuberculosis in New Zealand	https://bmcgenomics.biomedcentral.com/articles/10.1186/s12864-017-3569-x
G22503	SRR5216699	A	1988-XX-XX	new_zealand	wanganui	possum	wildlife	Crispell et al	Using whole genome sequencing to investigate transmission in a multi-host system: bovine tuberculosis in New Zealand	https://bmcgenomics.biomedcentral.com/articles/10.1186/s12864-017-3569-x
G22504	SRR5216697	A	1996-XX-XX	new_zealand	northcant	possum	wildlife	Crispell et al	Using whole genome sequencing to investigate transmission in a multi-host system: bovine tuberculosis in New Zealand	https://bmcgenomics.biomedcentral.com/articles/10.1186/s12864-017-3569-x
G22505	SRR5216698	A	1999-XX-XX	new_zealand	otago	possum	wildlife	Crispell et al	Using whole genome sequencing to investigate transmission in a multi-host system: bovine tuberculosis in New Zealand	https://bmcgenomics.biomedcentral.com/articles/10.1186/s12864-017-3569-x
G22506	SRR5216695	A	2009-XX-XX	new_zealand	canterbury	bovine	domestic	Crispell et al	Using whole genome sequencing to investigate transmission in a multi-host system: bovine tuberculosis in New Zealand	https://bmcgenomics.biomedcentral.com/articles/10.1186/s12864-017-3569-x
G22507	SRR5216696	A	1985-XX-XX	new_zealand	westcoast	possum	wildlife	Crispell et al	Using whole genome sequencing to investigate transmission in a multi-host system: bovine tuberculosis in New Zealand	https://bmcgenomics.biomedcentral.com/articles/10.1186/s12864-017-3569-x
G22508	SRR5216694	A	2009-XX-XX	new_zealand	taranaki	bovine	domestic	Crispell et al	Using whole genome sequencing to investigate transmission in a multi-host system: bovine tuberculosis in New Zealand	https://bmcgenomics.biomedcentral.com/articles/10.1186/s12864-017-3569-x
G22509	SRR5216693	A	1992-XX-XX	new_zealand	wanganui	bovine	domestic	Crispell et al	Using whole genome sequencing to investigate transmission in a multi-host system: bovine tuberculosis in New Zealand	https://bmcgenomics.biomedcentral.com/articles/10.1186/s12864-017-3569-x
G22510	SRR5216690	A	1998-XX-XX	new_zealand	westcoast	bovine	domestic	Crispell et al	Using whole genome sequencing to investigate transmission in a multi-host system: bovine tuberculosis in New Zealand	https://bmcgenomics.biomedcentral.com/articles/10.1186/s12864-017-3569-x
G22511	SRR5216691	A	1998-XX-XX	new_zealand	southland	bovine	domestic	Crispell et al	Using whole genome sequencing to investigate transmission in a multi-host system: bovine tuberculosis in New Zealand	https://bmcgenomics.biomedcentral.com/articles/10.1186/s12864-017-3569-x
G22512	SRR5216692	A	1993-XX-XX	new_zealand	kingcountry	bovine	domestic	Crispell et al	Using whole genome sequencing to investigate transmission in a multi-host system: bovine tuberculosis in New Zealand	https://bmcgenomics.biomedcentral.com/articles/10.1186/s12864-017-3569-x
